{"type": "block", "layer": 0, "block": 1, "features": [{"geom": {"lines": [[-1393.3325177263469, -281.87000243738294, 913.2993774414062, -1380.7979430630803, -271.12977595161647, 922.6956787109375, -1377.8145807106048, -243.66759974509478, 928.1790771484375, -1365.8699993472546, -221.5563692394644, 929.8706665039062, -1364.6788807958364, -207.24232421815395, 925.6253662109375, -1370.6456055026501, -163.631147576496, 936.40185546875]]}, "mtl": {"idx": 0}}, {"geom": {"lines": [[-889.3335231598467, 1138.5091979634017, 1062.8914794921875, -764.9005963504314, 1198.6808357750997, 1069.61669921875, -630.660422405228, 1334.8332939846441, 1060.869873046875, -465.0337985865772, 1461.89111356996, 1075.1524658203125]]}, "mtl": {"idx": 0}}], "featureCount": 2, "startIndex": 50}