{"type": "block", "layer": 0, "block": 1, "features": [{"geom": {"lines": [[1955.3433845862746, -205.47203058097512, 114.16242218017578, 1967.8779592495412, -194.73180409520864, 115.33695983886719, 1970.8613216020167, -167.26962788868695, 116.02238464355469, 1982.8059029653668, -145.15839738305658, 116.23383331298828, 1983.997021516785, -130.84435236174613, 115.70317077636719, 1978.0302968099713, -87.23317572008818, 117.05023193359375]]}, "mtl": {"idx": 0}}, {"geom": {"lines": [[2459.342379152775, 1214.9071698198095, 132.86143493652344, 2583.77530596219, 1275.0788076315075, 133.70208740234375, 2718.0154799073935, 1411.231265841052, 132.60873413085938, 2883.6421037260443, 1538.2890854263678, 134.39405822753906]]}, "mtl": {"idx": 0}}], "featureCount": 2, "startIndex": 50}